video_id;label_dump;label_type;timestamp;duration
vid0001.mp4;1;0.0;4.0;5.77
vid0002.mp4;0;-1;-1;5.09
vid0003.mp4;1;0.0;18.0;31.08
vid0007.mp4;0;-1;-1;9.48
vid0008.mp4;1;1.0;16.0;27.2
vid0009.mp4;0;-1;-1;31.73
vid0010.mp4;1;1.0;4.0;15.0
vid0011.mp4;0;-1;-1;25.89
vid0013.mp4;0;-1;-1;61.8
vid0014.mp4;1;1.0;8.0;9.7
vid0015.mp4;0;-1;-1;44.0
vid0016.mp4;1;0.0;6.0;21.77
vid0017.mp4;1;0.0;3.0;17.36
vid0019.mp4;1;0.0;10.0;11.64
vid0020.mp4;1;1.0;2.0;2.9
vid0024.mp4;0;-1;-1;13.93
vid0025.mp4;1;1.0;3.0;5.76
vid0026.mp4;1;0.0;11.0;13.04
vid0027.mp4;0;-1;-1;13.31
vid0028.mp4;0;-1;-1;29.36
vid0029.mp4;0;-1;-1;40.58
vid0030.mp4;0;-1;-1;22.8
vid0031.mp4;1;1.0;6.0;12.28
vid0032.mp4;1;0.0;8.0;10.54
vid0033.mp4;1;0.0;8.0;11.4
vid0034.mp4;1;0.0;7.0;12.1
vid0035.mp4;0;-1;-1;18.33
vid0036.mp4;0;-1;-1;25.0
vid0039.mp4;1;0.0;9.0;10.83
vid0041.mp4;0;-1;-1;9.91
vid0042.mp4;0;-1;-1;27.26
vid0045.mp4;1;0.0;16.0;22.2
vid0046.mp4;0;-1;-1;50.0
vid0047.mp4;1;0.0;28.0;32.84
vid0048.mp4;0;-1;-1;23.0
vid0051.mp4;1;1.0;2.0;4.4
vid0053.mp4;0;-1;-1;38.13
vid0054.mp4;1;0.0;7.0;8.27
vid0056.mp4;1;1.0;4.0;15.16
vid0059.mp4;0;-1;-1;35.36
vid0060.mp4;0;-1;-1;15.86
vid0061.mp4;1;0.0;2.0;20.28
vid0062.mp4;1;1.0;1.0;16.2
vid0064.mp4;0;-1;-1;18.44
vid0065.mp4;0;-1;-1;31.16
vid0066.mp4;1;0.0;7.0;12.13
vid0068.mp4;0;-1;-1;34.17
vid0070.mp4;1;0.0;3.0;5.5
vid0071.mp4;1;1.0;2.0;62.66
vid0072.mp4;0;-1;-1;15.18
vid0073.mp4;0;-1;-1;33.17
vid0074.mp4;0;-1;-1;15.52
vid0076.mp4;1;0.0;34.0;37.16
vid0077.mp4;0;-1;-1;28.97
vid0078.mp4;1;0.0;4.0;9.12
vid0079.mp4;1;1.0;7.0;20.0
vid0080.mp4;0;-1;-1;20.32
vid0081.mp4;1;1.0;6.0;8.93
vid0082.mp4;1;1.0;4.0;11.21
vid0083.mp4;0;-1;-1;50.48
vid0087.mp4;1;1.0;1.0;4.76
vid0089.mp4;0;-1;-1;15.0
vid0090.mp4;0;-1;-1;9.11
vid0091.mp4;1;1.0;16.0;18.3
vid0092.mp4;1;0.0;6.0;12.56
vid0096.mp4;1;0.0;5.0;7.49
vid0097.mp4;1;0.0;12.0;30.2
vid0098.mp4;0;-1;-1;15.1
vid0099.mp4;0;-1;-1;11.16
vid0102.mp4;0;-1;-1;14.43
vid0103.mp4;1;1.0;10.0;34.07
vid0104.mp4;1;1.0;8.0;24.8
vid0105.mp4;0;-1;-1;41.4
vid0106.mp4;0;-1;-1;7.0
vid0107.mp4;1;1.0;3.0;7.84
vid0108.mp4;0;-1;-1;10.32
vid0109.mp4;1;0.0;10.0;16.0
vid0110.mp4;1;0.0;6.0;22.96
vid0111.mp4;1;0.0;5.0;5.87
vid0113.mp4;1;1.0;6.0;7.92
vid0116.mp4;0;-1;-1;16.26
vid0118.mp4;0;-1;-1;16.98
vid0119.mp4;0;-1;-1;20.0
vid0120.mp4;0;-1;-1;10.0
vid0122.mp4;0;-1;-1;45.01
vid0123.mp4;0;-1;-1;10.12
vid0125.mp4;1;0.0;7.0;10.53
vid0126.mp4;1;1.0;13.0;19.99
vid0128.mp4;1;0.0;7.0;57.32
vid0131.mp4;0;-1;-1;10.88
vid0133.mp4;1;0.0;5.0;17.08
vid0136.mp4;1;1.0;10.0;12.07
vid0137.mp4;0;-1;-1;64.23
vid0139.mp4;1;0.0;9.0;9.21
vid0140.mp4;1;1.0;8.0;17.94
vid0142.mp4;1;1.0;5.0;9.36
vid0144.mp4;1;1.0;19.0;30.26
vid0145.mp4;0;-1;-1;16.0
vid0146.mp4;1;0.0;31.0;62.24
vid0147.mp4;1;0.0;13.0;21.33
vid0148.mp4;1;1.0;10.0;29.84
vid0150.mp4;1;0.0;5.0;17.04
vid0151.mp4;1;0.0;18.0;31.5
vid0152.mp4;1;0.0;5.0;7.0
vid0156.mp4;1;1.0;4.0;4.77
vid0157.mp4;1;1.0;7.0;25.96
vid0158.mp4;0;-1;-1;19.23
vid0159.mp4;0;-1;-1;30.7
vid0168.mp4;0;-1;-1;9.88
vid0169.mp4;0;-1;-1;37.77
vid0170.mp4;1;1.0;6.0;33.96
vid0172.mp4;0;-1;-1;13.28
vid0174.mp4;0;-1;-1;46.23
vid0175.mp4;1;0.0;7.0;12.43
vid0177.mp4;1;1.0;7.0;10.48
vid0178.mp4;1;1.0;8.0;12.23
vid0179.mp4;1;0.0;21.0;28.68
vid0181.mp4;1;1.0;24.0;54.32
vid0182.mp4;0;-1;-1;10.97
vid0183.mp4;1;0.0;6.0;8.17
vid0184.mp4;0;-1;-1;29.63
vid0185.mp4;1;0.0;11.0;11.86
vid0186.mp4;0;-1;-1;26.23
vid0187.mp4;1;0.0;9.0;13.27
vid0188.mp4;0;-1;-1;7.03
vid0190.mp4;0;-1;-1;30.68
vid0191.mp4;0;-1;-1;15.28
vid0193.mp4;0;-1;-1;14.85
vid0195.mp4;1;0.0;9.0;13.81
vid0196.mp4;1;1.0;14.0;61.13
vid0200.mp4;1;1.0;5.0;28.93
vid0201.mp4;1;1.0;4.0;6.16
vid0202.mp4;1;1.0;3.0;17.32
vid0203.mp4;0;-1;-1;42.79
vid0205.mp4;0;-1;-1;8.0
vid0207.mp4;1;0.0;5.0;10.66
vid0209.mp4;0;-1;-1;22.06
vid0210.mp4;0;-1;-1;27.43
vid0212.mp4;1;0.0;7.0;7.24
vid0214.mp4;0;-1;-1;49.22
vid0217.mp4;1;1.0;5.0;9.28
vid0218.mp4;0;-1;-1;35.67
vid0220.mp4;1;1.0;8.0;10.07
vid0221.mp4;0;-1;-1;28.67
vid0222.mp4;0;-1;-1;20.0
vid0223.mp4;0;-1;-1;34.43
vid0225.mp4;0;-1;-1;24.39
vid0226.mp4;0;-1;-1;12.87
vid0229.mp4;0;-1;-1;25.64
vid0230.mp4;0;-1;-1;55.79
vid0231.mp4;0;-1;-1;29.53
vid0233.mp4;1;0.0;10.0;20.6
vid0234.mp4;1;1.0;1.0;5.51
vid0238.mp4;1;0.0;28.0;58.1
vid0239.mp4;1;0.0;1.0;5.6
vid0243.mp4;1;0.0;7.0;8.87
vid0246.mp4;1;1.0;4.0;35.72
vid0247.mp4;0;-1;-1;15.4
vid0248.mp4;1;0.0;8.0;24.27
vid0250.mp4;1;0.0;8.0;12.2
vid0252.mp4;0;-1;-1;43.1
vid0254.mp4;0;-1;-1;51.6
vid0257.mp4;0;-1;-1;6.47
vid0259.mp4;1;1.0;2.0;5.6
vid0260.mp4;0;-1;-1;6.08
vid0261.mp4;0;-1;-1;25.8
vid0263.mp4;1;1.0;1.0;5.73
vid0264.mp4;0;-1;-1;4.0
vid0265.mp4;0;-1;-1;33.64
vid0267.mp4;0;-1;-1;28.5
vid0268.mp4;1;1.0;5.0;5.91
vid0271.mp4;1;0.0;12.0;29.0
vid0272.mp4;1;0.0;7.0;23.6
vid0273.mp4;1;1.0;44.0;58.12
vid0274.mp4;1;0.0;4.0;7.0
vid0276.mp4;1;0.0;7.0;8.76
vid0277.mp4;1;0.0;29.0;30.86
vid0279.mp4;0;-1;-1;28.87
vid0280.mp4;1;1.0;1.0;7.92
vid0281.mp4;0;-1;-1;25.94
vid0285.mp4;0;-1;-1;7.93
vid0286.mp4;1;1.0;20.0;22.73
vid0287.mp4;1;1.0;21.0;52.15
vid0289.mp4;0;-1;-1;18.0
vid0290.mp4;1;0.0;4.0;8.61
vid0292.mp4;1;0.0;3.0;17.87
vid0294.mp4;1;1.0;8.0;9.9
vid0295.mp4;0;-1;-1;57.17
vid0298.mp4;0;-1;-1;38.13
vid0299.mp4;1;1.0;3.0;5.91
vid0300.mp4;0;-1;-1;39.87
vid0301.mp4;0;-1;-1;12.35
vid0302.mp4;1;0.0;13.0;16.4
vid0303.mp4;0;-1;-1;25.69
vid0304.mp4;0;-1;-1;22.09
vid0305.mp4;0;-1;-1;45.42
vid0306.mp4;1;0.0;7.0;8.68
vid0309.mp4;0;-1;-1;44.32
vid0311.mp4;1;0.0;37.0;50.83
vid0313.mp4;1;0.0;7.0;14.8
vid0318.mp4;1;0.0;8.0;16.4
vid0319.mp4;1;0.0;7.0;12.27
vid0320.mp4;0;-1;-1;30.72
vid0321.mp4;0;-1;-1;29.57
vid0322.mp4;1;0.0;10.0;17.63
vid0323.mp4;1;0.0;4.0;9.27
vid0324.mp4;0;-1;-1;25.27
vid0325.mp4;1;1.0;1.0;6.04
vid0326.mp4;1;1.0;1.0;8.98
vid0327.mp4;0;-1;-1;24.27
vid0330.mp4;1;0.0;7.0;8.88
vid0331.mp4;0;-1;-1;44.1
vid0333.mp4;0;-1;-1;40.27
vid0334.mp4;1;1.0;21.0;35.79
vid0335.mp4;0;-1;-1;18.72
vid0337.mp4;1;1.0;3.0;4.77
vid0338.mp4;0;-1;-1;30.0
vid0339.mp4;0;-1;-1;52.43
vid0340.mp4;1;0.0;14.0;34.52
vid0342.mp4;0;-1;-1;33.48
vid0343.mp4;0;-1;-1;40.54
vid0344.mp4;1;1.0;8.0;13.6
vid0347.mp4;1;1.0;3.0;34.27
vid0348.mp4;0;-1;-1;15.04
vid0350.mp4;0;-1;-1;36.17
vid0352.mp4;0;-1;-1;22.32
vid0353.mp4;1;1.0;2.0;9.48
vid0356.mp4;1;1.0;2.0;8.23
vid0358.mp4;1;0.0;8.0;15.06
vid0361.mp4;1;1.0;2.0;6.27
vid0362.mp4;1;0.0;7.0;12.68
vid0363.mp4;1;0.0;12.0;17.28
vid0364.mp4;0;-1;-1;24.42
vid0365.mp4;1;1.0;3.0;6.97
vid0366.mp4;1;0.0;7.0;11.08
vid0367.mp4;0;-1;-1;27.93
vid0368.mp4;1;1.0;6.0;7.47
vid0369.mp4;1;1.0;4.0;19.45
vid0370.mp4;0;-1;-1;19.99
vid0371.mp4;0;-1;-1;18.38
vid0372.mp4;1;1.0;17.0;30.7
vid0375.mp4;1;1.0;12.0;16.45
vid0376.mp4;1;1.0;3.0;4.4
vid0377.mp4;0;-1;-1;9.0
vid0379.mp4;0;-1;-1;26.52
vid0380.mp4;0;-1;-1;25.52
vid0381.mp4;1;0.0;24.0;45.25
vid0382.mp4;1;1.0;3.0;19.37
vid0383.mp4;1;1.0;3.0;8.57
vid0384.mp4;0;-1;-1;6.2
vid0385.mp4;0;-1;-1;36.17
vid0386.mp4;1;0.0;7.0;11.47
vid0387.mp4;0;-1;-1;26.9
vid0388.mp4;0;-1;-1;34.9
vid0389.mp4;0;-1;-1;17.8
vid0391.mp4;0;-1;-1;23.72
vid0392.mp4;1;1.0;2.0;9.0
vid0393.mp4;0;-1;-1;5.0
vid0396.mp4;1;1.0;2.0;5.92
vid0397.mp4;1;1.0;4.0;15.72
vid0399.mp4;0;-1;-1;40.76
vid0402.mp4;0;-1;-1;26.3
vid0403.mp4;0;-1;-1;35.3
vid0404.mp4;0;-1;-1;8.53
vid0405.mp4;0;-1;-1;30.0
vid0407.mp4;0;-1;-1;20.05
vid0409.mp4;0;-1;-1;13.97
vid0410.mp4;1;1.0;1.0;15.53
vid0411.mp4;0;-1;-1;63.13
vid0416.mp4;0;-1;-1;25.52
vid0418.mp4;1;1.0;5.0;30.08
vid0419.mp4;0;-1;-1;36.9
vid0423.mp4;0;-1;-1;45.38
vid0425.mp4;0;-1;-1;59.57
vid0426.mp4;0;-1;-1;109.52
vid0427.mp4;0;-1;-1;29.27
vid0429.mp4;1;1.0;1.0;10.76
vid0430.mp4;1;1.0;4.0;10.8
vid0432.mp4;1;1.0;5.0;7.33
vid0434.mp4;0;-1;-1;34.27
vid0435.mp4;0;-1;-1;47.13
vid0436.mp4;0;-1;-1;21.39
vid0437.mp4;0;-1;-1;39.7
vid0438.mp4;1;1.0;0.0;21.17
vid0440.mp4;1;0.0;17.0;18.57
vid0441.mp4;0;-1;-1;42.0
vid0442.mp4;1;1.0;7.0;9.3
vid0445.mp4;0;-1;-1;25.83
vid0446.mp4;0;-1;-1;7.04
vid0447.mp4;1;0.0;2.0;4.76
vid0449.mp4;0;-1;-1;14.22
vid0450.mp4;0;-1;-1;7.0
vid0451.mp4;0;-1;-1;5.0
vid0452.mp4;1;0.0;13.0;26.48
vid0456.mp4;0;-1;-1;18.95
vid0458.mp4;0;-1;-1;8.37
vid0459.mp4;0;-1;-1;9.0
vid0461.mp4;0;-1;-1;7.01
vid0463.mp4;0;-1;-1;33.44
vid0464.mp4;0;-1;-1;21.15
vid0465.mp4;1;0.0;4.0;7.06
vid0467.mp4;0;-1;-1;40.01
vid0469.mp4;1;1.0;3.0;9.1
vid0470.mp4;0;-1;-1;24.73
vid0472.mp4;0;-1;-1;16.32
vid0473.mp4;1;0.0;6.0;8.64
vid0474.mp4;0;-1;-1;62.73
vid0475.mp4;1;0.0;15.0;16.68
vid0477.mp4;1;0.0;13.0;20.2
vid0480.mp4;1;0.0;47.0;50.64
vid0481.mp4;1;1.0;11.0;14.06
vid0483.mp4;1;0.0;23.0;57.83
vid0486.mp4;1;1.0;13.0;30.3
vid0490.mp4;0;-1;-1;58.04
vid0491.mp4;0;-1;-1;27.33
vid0492.mp4;1;1.0;3.0;15.47
vid0493.mp4;1;0.0;5.0;7.08
vid0494.mp4;1;0.0;15.0;18.0
vid0497.mp4;0;-1;-1;13.68
vid0498.mp4;0;-1;-1;41.54
